"ChartName","AOI_Character","GazeEventDuration"
"Chart 1.JPG","m",117
"Chart 1.JPG","n",125
"Chart 1.JPG","n",283
"Chart 1.JPG","m",100
"Chart 1.JPG","m",67
"Chart 1.JPG","n",183
"Chart 1.JPG","n",192
"Chart 1.JPG","o",100
"Chart 1.JPG","m",125
"Chart 1.JPG","m",183
"Chart 1.JPG","o",150
"Chart 1.JPG","o",150
"Chart 1.JPG","o",250
"Chart 1.JPG","o",125
"Chart 1.JPG","o",150
"Chart 1.JPG","o",75
"Chart 1.JPG","n",133
"Chart 1.JPG","n",158
"Chart 1.JPG","n",117
"Chart 1.JPG","n",400
"Chart 1.JPG","n",100
"Chart 1.JPG","n",142
"Chart 1.JPG","n",167
"Chart 1.JPG","n",125
"Chart 1.JPG","n",183
"Chart 1.JPG","n",392
"Chart 1.JPG","n",242
"Chart 1.JPG","n",192
"Chart 1.JPG","n",150
"Chart 1.JPG","m",67
"Chart 1.JPG","n",142
"Chart 1.JPG","n",258
"Chart 1.JPG","n",217
"Chart 1.JPG","n",225
"Chart 1.JPG","m",67
"Chart 1.JPG","m",167
"Chart 1.JPG","m",183
"Chart 1.JPG","m",342
"Chart 1.JPG","m",125
"Chart 1.JPG","m",192
"Chart 1.JPG","m",208
"Chart 1.JPG","m",92
"Chart 1.JPG","m",83
"Chart 1.JPG","m",192
"Chart 1.JPG","n",300
"Chart 1.JPG","m",142
"Chart 1.JPG","m",133
"Chart 1.JPG","m",133
"Chart 1.JPG","m",225
"Chart 1.JPG","m",183
"Chart 1.JPG","n",183
"Chart 1.JPG","n",158
"Chart 1.JPG","m",117
"Chart 1.JPG","n",242
"Chart 1.JPG","m",175
"Chart 1.JPG","m",67
"Chart 1.JPG","m",183
"Chart 1.JPG","m",283
"Chart 1.JPG","m",92
"Chart 1.JPG","E",117
"Chart 1.JPG","m",125
"Chart 1.JPG","o",417
"Chart 1.JPG","G",125
"Chart 1.JPG","G",142
"Chart 1.JPG","G",83
"Chart 1.JPG","G",67
"Chart 1.JPG","m",92
"Chart 1.JPG","n",233
"Chart 1.JPG","n",125
"Chart 1.JPG","n",342
"Chart 1.JPG","m",267
"Chart 1.JPG","m",167
"Chart 1.JPG","m",167
"Chart 1.JPG","n",133
"Chart 1.JPG","m",217
"Chart 1.JPG","m",150
"Chart 1.JPG","m",150
"Chart 1.JPG","m",158
"Chart 1.JPG","n",192
"Chart 1.JPG","n",275
"Chart 1.JPG","n",275
"Chart 1.JPG","m",167
"Chart 1.JPG","G",125
"Chart 1.JPG","m",200
"Chart 1.JPG","E",92
"Chart 1.JPG","n",242
"Chart 1.JPG","n",133
"Chart 1.JPG","E",67
"Chart 1.JPG","E",258
"Chart 1.JPG","E",300
"Chart 1.JPG","m",300
"Chart 1.JPG","E",133
"Chart 1.JPG","E",75
"Chart 1.JPG","E",158
"Chart 1.JPG","m",150
"Chart 1.JPG","m",92
"Chart 1.JPG","E",158
"Chart 1.JPG","E",250
"Chart 1.JPG","E",258
"Chart 1.JPG","E",267
"Chart 1.JPG","E",250
"Chart 1.JPG","E",150
"Chart 1.JPG","E",83
"Chart 1.JPG","n",108
"Chart 1.JPG","n",108
"Chart 1.JPG","n",192
"Chart 1.JPG","n",83
"Chart 1.JPG","m",292
"Chart 1.JPG","m",108
"Chart 1.JPG","E",208
"Chart 1.JPG","E",217
"Chart 1.JPG","E",100
"Chart 1.JPG","n",233
"Chart 1.JPG","m",75
"Chart 1.JPG","m",75
"Chart 1.JPG","m",367
"Chart 1.JPG","m",150
"Chart 1.JPG","G",233
"Chart 1.JPG","G",208
"Chart 1.JPG","G",158
"Chart 1.JPG","m",342
"Chart 1.JPG","n",242
"Chart 1.JPG","n",83
"Chart 1.JPG","n",200
"Chart 1.JPG","m",183
"Chart 1.JPG","n",217
"Chart 1.JPG","G",525
"Chart 1.JPG","m",83
"Chart 1.JPG","m",83
"Chart 1.JPG","m",92
"Chart 1.JPG","G",83
"Chart 1.JPG","m",125
"Chart 1.JPG","G",208
"Chart 1.JPG","G",117
"Chart 1.JPG","G",92
"Chart 1.JPG","m",175
"Chart 1.JPG","m",100
"Chart 1.JPG","m",108
"Chart 1.JPG","m",200
"Chart 1.JPG","m",233
"Chart 1.JPG","m",225
"Chart 1.JPG","m",83
"Chart 1.JPG","m",125
"Chart 1.JPG","G",75
"Chart 1.JPG","G",67
"Chart 1.JPG","m",267
"Chart 1.JPG","m",142
"Chart 1.JPG","E",233
"Chart 1.JPG","E",217
"Chart 1.JPG","G",142
"Chart 1.JPG","G",108
"Chart 1.JPG","G",192
"Chart 1.JPG","G",217
"Chart 1.JPG","n",75
"Chart 1.JPG","n",158
"Chart 1.JPG","n",183
"Chart 1.JPG","m",142
"Chart 1.JPG","m",142
"Chart 1.JPG","m",142
"Chart 1.JPG","m",125
"Chart 1.JPG","m",142
"Chart 1.JPG","G",267
"Chart 1.JPG","n",75
"Chart 1.JPG","m",192
"Chart 1.JPG","G",283
"Chart 1.JPG","G",167
"Chart 1.JPG","m",150
"Chart 1.JPG","m",75
"Chart 1.JPG","m",200
"Chart 1.JPG","n",117
"Chart 1.JPG","m",108
"Chart 1.JPG","E",200
"Chart 1.JPG","E",92
"Chart 1.JPG","m",183
"Chart 1.JPG","G",83
"Chart 1.JPG","E",150
"Chart 1.JPG","E",83
"Chart 1.JPG","n",250
"Chart 1.JPG","m",75
"Chart 1.JPG","m",142
"Chart 1.JPG","E",158
"Chart 1.JPG","E",158
"Chart 1.JPG","E",92
"Chart 1.JPG","G",142
"Chart 1.JPG","G",242
"Chart 1.JPG","G",142
"Chart 1.JPG","E",100
"Chart 1.JPG","E",308
"Chart 1.JPG","n",208
"Chart 1.JPG","n",100
"Chart 1.JPG","n",367
"Chart 1.JPG","o",258
"Chart 1.JPG","o",75
"Chart 1.JPG","o",92
"Chart 1.JPG","o",67
"Chart 1.JPG","o",317
"Chart 1.JPG","o",200
"Chart 1.JPG","o",150
"Chart 1.JPG","o",192
"Chart 1.JPG","o",258
"Chart 1.JPG","o",208
"Chart 1.JPG","o",200
"Chart 1.JPG","o",292
"Chart 1.JPG","o",125
"Chart 1.JPG","o",133
"Chart 1.JPG","o",242
"Chart 1.JPG","o",100
"Chart 1.JPG","o",150
"Chart 1.JPG","o",100
"Chart 1.JPG","o",392
"Chart 1.JPG","o",167
"Chart 1.JPG","o",67
"Chart 1.JPG","o",142
"Chart 1.JPG","o",258
"Chart 1.JPG","o",158
"Chart 1.JPG","m",108
"Chart 1.JPG","E",158
"Chart 1.JPG","E",167
"Chart 1.JPG","n",375
"Chart 1.JPG","n",200
"Chart 1.JPG","n",400
"Chart 1.JPG","E",133
"Chart 1.JPG","G",283
"Chart 1.JPG","G",175
"Chart 1.JPG","G",158
"Chart 1.JPG","m",217
"Chart 1.JPG","n",233
"Chart 1.JPG","E",133
"Chart 1.JPG","E",67
"Chart 1.JPG","o",250
"Chart 1.JPG","E",83
"Chart 1.JPG","n",117
"Chart 1.JPG","n",192
"Chart 1.JPG","n",542
"Chart 1.JPG","n",300
"Chart 1.JPG","m",83
"Chart 1.JPG","m",133
"Chart 1.JPG","m",75
"Chart 1.JPG","o",258
"Chart 1.JPG","o",258
"Chart 1.JPG","n",183
"Chart 1.JPG","n",350
"Chart 1.JPG","m",225
"Chart 1.JPG","n",133
"Chart 1.JPG","m",92
"Chart 1.JPG","m",225
"Chart 1.JPG","m",300
"Chart 1.JPG","m",125
"Chart 1.JPG","m",183
"Chart 1.JPG","G",117
"Chart 1.JPG","m",183
"Chart 1.JPG","m",133
"Chart 1.JPG","E",108
"Chart 1.JPG","E",183
"Chart 1.JPG","E",242
"Chart 1.JPG","G",267
"Chart 1.JPG","m",275
"Chart 1.JPG","m",125
"Chart 1.JPG","G",242
"Chart 1.JPG","m",117
"Chart 1.JPG","m",83
"Chart 1.JPG","m",92
"Chart 1.JPG","m",67
"Chart 1.JPG","m",67
"Chart 1.JPG","m",100
"Chart 1.JPG","m",67
"Chart 1.JPG","m",92
"Chart 1.JPG","E",125
"Chart 1.JPG","G",167
"Chart 1.JPG","m",183
"Chart 1.JPG","n",258
"Chart 1.JPG","n",142
"Chart 1.JPG","n",92
"Chart 1.JPG","m",358
"Chart 1.JPG","m",108
"Chart 1.JPG","n",158
"Chart 1.JPG","n",275
"Chart 1.JPG","E",192
"Chart 1.JPG","n",67
"Chart 1.JPG","n",142
"Chart 1.JPG","n",475
"Chart 1.JPG","n",83
"Chart 1.JPG","m",108
"Chart 1.JPG","m",117
"Chart 1.JPG","n",183
"Chart 1.JPG","n",175
"Chart 1.JPG","n",275
"Chart 1.JPG","n",258
"Chart 1.JPG","m",92
"Chart 1.JPG","m",317
"Chart 1.JPG","m",175
"Chart 1.JPG","m",133
"Chart 1.JPG","m",192
"Chart 1.JPG","m",142
"Chart 1.JPG","m",192
"Chart 1.JPG","m",483
"Chart 1.JPG","m",75
"Chart 1.JPG","E",108
"Chart 1.JPG","n",133
"Chart 1.JPG","n",92
"Chart 1.JPG","n",350
"Chart 1.JPG","n",200
"Chart 1.JPG","n",417
"Chart 1.JPG","n",233
"Chart 1.JPG","n",233
"Chart 1.JPG","m",83
"Chart 1.JPG","n",175
"Chart 1.JPG","n",108
"Chart 1.JPG","n",342
"Chart 1.JPG","m",125
"Chart 1.JPG","m",258
"Chart 1.JPG","n",400
"Chart 1.JPG","n",150
"Chart 1.JPG","n",308
"Chart 1.JPG","E",142
"Chart 1.JPG","E",108
"Chart 1.JPG","E",83
"Chart 1.JPG","E",75
"Chart 1.JPG","E",125
"Chart 1.JPG","E",125
"Chart 1.JPG","n",158
"Chart 1.JPG","n",500
"Chart 1.JPG","n",283
"Chart 1.JPG","o",83
"Chart 1.JPG","o",200
"Chart 1.JPG","o",158
"Chart 1.JPG","o",300
"Chart 1.JPG","o",267
"Chart 1.JPG","m",225
"Chart 1.JPG","m",317
"Chart 1.JPG","m",200
"Chart 1.JPG","n",192
"Chart 1.JPG","n",158
"Chart 1.JPG","m",300
"Chart 1.JPG","m",125
"Chart 1.JPG","m",175
"Chart 1.JPG","m",375
"Chart 1.JPG","m",258
"Chart 1.JPG","m",83
"Chart 1.JPG","m",300
"Chart 1.JPG","n",100
"Chart 1.JPG","E",117
"Chart 1.JPG","n",83
"Chart 1.JPG","o",75
"Chart 1.JPG","o",125
"Chart 1.JPG","m",117
"Chart 1.JPG","E",83
"Chart 1.JPG","E",117
"Chart 1.JPG","m",67
"Chart 1.JPG","m",100
"Chart 1.JPG","m",183
"Chart 1.JPG","G",117
"Chart 1.JPG","n",142
"Chart 1.JPG","G",133
"Chart 1.JPG","G",142
"Chart 1.JPG","m",108
"Chart 1.JPG","E",75
"Chart 1.JPG","E",75
"Chart 1.JPG","E",333
"Chart 1.JPG","E",83
"Chart 1.JPG","E",242
"Chart 1.JPG","m",108
"Chart 1.JPG","n",233
"Chart 1.JPG","n",133
"Chart 1.JPG","n",133
"Chart 1.JPG","o",217
"Chart 1.JPG","o",233
"Chart 1.JPG","m",92
"Chart 1.JPG","m",83
"Chart 1.JPG","m",92
"Chart 1.JPG","m",192
"Chart 1.JPG","G",208
"Chart 1.JPG","m",75
"Chart 1.JPG","m",133
"Chart 1.JPG","m",117
"Chart 1.JPG","m",117
"Chart 1.JPG","G",150
"Chart 1.JPG","G",117
"Chart 1.JPG","E",158
"Chart 1.JPG","n",158
"Chart 1.JPG","n",208
"Chart 1.JPG","n",150
"Chart 1.JPG","n",400
"Chart 1.JPG","m",167
"Chart 1.JPG","m",83
"Chart 1.JPG","n",150
"Chart 1.JPG","n",83
"Chart 1.JPG","m",92
"Chart 1.JPG","m",158
"Chart 1.JPG","G",125
"Chart 1.JPG","m",92
"Chart 1.JPG","o",275
"Chart 1.JPG","o",133
"Chart 1.JPG","o",133
"Chart 1.JPG","o",133
"Chart 1.JPG","o",192
"Chart 1.JPG","E",92
"Chart 1.JPG","E",217
"Chart 1.JPG","n",167
"Chart 1.JPG","G",367
"Chart 1.JPG","E",83
"Chart 1.JPG","E",250
"Chart 1.JPG","n",267
"Chart 1.JPG","E",158
"Chart 1.JPG","m",225
"Chart 1.JPG","G",83
"Chart 1.JPG","G",142
"Chart 1.JPG","m",83
"Chart 1.JPG","m",283
"Chart 1.JPG","m",108
"Chart 1.JPG","m",83
"Chart 1.JPG","m",67
"Chart 1.JPG","m",475
"Chart 1.JPG","G",258
"Chart 1.JPG","m",242
"Chart 1.JPG","G",75
"Chart 1.JPG","m",75
"Chart 1.JPG","m",100
"Chart 1.JPG","m",67
"Chart 1.JPG","m",167
"Chart 1.JPG","m",125
"Chart 1.JPG","G",83
"Chart 1.JPG","m",117
"Chart 1.JPG","n",217
"Chart 1.JPG","m",108
"Chart 1.JPG","o",200
"Chart 1.JPG","o",250
"Chart 2.JPG","p",267
"Chart 2.JPG","p",108
"Chart 2.JPG","p",75
"Chart 2.JPG","p",183
"Chart 2.JPG","t",133
"Chart 2.JPG","p",142
"Chart 2.JPG","p",200
"Chart 2.JPG","p",125
"Chart 2.JPG","p",275
"Chart 2.JPG","p",192
"Chart 2.JPG","p",133
"Chart 2.JPG","p",250
"Chart 2.JPG","p",167
"Chart 2.JPG","p",225
"Chart 2.JPG","p",242
"Chart 2.JPG","p",192
"Chart 2.JPG","q",358
"Chart 2.JPG","q",167
"Chart 2.JPG","q",200
"Chart 2.JPG","q",142
"Chart 2.JPG","p",117
"Chart 2.JPG","p",225
"Chart 2.JPG","p",242
"Chart 2.JPG","p",158
"Chart 2.JPG","p",150
"Chart 2.JPG","p",233
"Chart 2.JPG","p",167
"Chart 2.JPG","p",225
"Chart 2.JPG","p",142
"Chart 2.JPG","p",158
"Chart 2.JPG","p",117
"Chart 2.JPG","p",183
"Chart 2.JPG","p",75
"Chart 2.JPG","u",392
"Chart 2.JPG","u",183
"Chart 2.JPG","q",83
"Chart 2.JPG","p",192
"Chart 2.JPG","p",133
"Chart 2.JPG","r",125
"Chart 2.JPG","r",100
"Chart 2.JPG","r",100
"Chart 2.JPG","r",175
"Chart 2.JPG","r",125
"Chart 2.JPG","q",108
"Chart 2.JPG","q",108
"Chart 2.JPG","q",92
"Chart 2.JPG","q",92
"Chart 2.JPG","q",250
"Chart 2.JPG","q",183
"Chart 2.JPG","p",158
"Chart 2.JPG","p",158
"Chart 2.JPG","p",208
"Chart 2.JPG","s",208
"Chart 2.JPG","p",117
"Chart 2.JPG","p",167
"Chart 2.JPG","p",217
"Chart 2.JPG","p",192
"Chart 2.JPG","p",150
"Chart 2.JPG","p",150
"Chart 2.JPG","p",117
"Chart 2.JPG","p",400
"Chart 2.JPG","p",225
"Chart 2.JPG","p",242
"Chart 2.JPG","p",258
"Chart 2.JPG","p",117
"Chart 2.JPG","p",125
"Chart 2.JPG","p",175
"Chart 2.JPG","p",150
"Chart 2.JPG","p",367
"Chart 2.JPG","p",75
"Chart 2.JPG","t",100
"Chart 2.JPG","t",167
"Chart 2.JPG","t",133
"Chart 2.JPG","t",92
"Chart 2.JPG","t",200
"Chart 2.JPG","t",175
"Chart 2.JPG","t",92
"Chart 2.JPG","t",83
"Chart 2.JPG","t",108
"Chart 2.JPG","t",158
"Chart 2.JPG","t",108
"Chart 2.JPG","t",158
"Chart 2.JPG","t",83
"Chart 2.JPG","t",92
"Chart 2.JPG","t",83
"Chart 2.JPG","t",117
"Chart 2.JPG","t",100
"Chart 2.JPG","t",83
"Chart 2.JPG","t",83
"Chart 2.JPG","t",117
"Chart 2.JPG","t",67
"Chart 2.JPG","t",75
"Chart 2.JPG","t",75
"Chart 2.JPG","t",117
"Chart 2.JPG","p",133
"Chart 2.JPG","t",142
"Chart 2.JPG","t",75
"Chart 2.JPG","t",142
"Chart 2.JPG","t",150
"Chart 2.JPG","t",75
"Chart 2.JPG","t",83
"Chart 2.JPG","t",267
"Chart 2.JPG","t",117
"Chart 2.JPG","t",83
"Chart 2.JPG","t",117
"Chart 2.JPG","t",108
"Chart 2.JPG","t",83
"Chart 2.JPG","t",75
"Chart 2.JPG","t",67
"Chart 2.JPG","t",242
"Chart 2.JPG","t",92
"Chart 2.JPG","t",117
"Chart 2.JPG","t",175
"Chart 2.JPG","t",100
"Chart 2.JPG","t",83
"Chart 2.JPG","t",150
"Chart 2.JPG","t",75
"Chart 2.JPG","t",92
"Chart 2.JPG","t",100
"Chart 2.JPG","t",67
"Chart 2.JPG","t",117
"Chart 2.JPG","t",150
"Chart 2.JPG","t",83
"Chart 2.JPG","t",92
"Chart 2.JPG","t",167
"Chart 2.JPG","t",67
"Chart 2.JPG","t",83
"Chart 2.JPG","t",100
"Chart 2.JPG","p",192
"Chart 2.JPG","p",100
"Chart 2.JPG","p",192
"Chart 2.JPG","p",400
"Chart 2.JPG","p",258
"Chart 2.JPG","q",175
"Chart 2.JPG","q",342
"Chart 2.JPG","q",92
"Chart 2.JPG","p",158
"Chart 2.JPG","p",142
"Chart 2.JPG","p",275
"Chart 2.JPG","p",308
"Chart 2.JPG","p",342
"Chart 2.JPG","p",842
"Chart 2.JPG","p",400
"Chart 2.JPG","q",133
"Chart 2.JPG","q",175
"Chart 2.JPG","p",175
"Chart 2.JPG","p",283
"Chart 2.JPG","p",300
"Chart 2.JPG","p",242
"Chart 2.JPG","p",108
"Chart 2.JPG","p",208
"Chart 2.JPG","p",125
"Chart 2.JPG","p",142
"Chart 2.JPG","p",275
"Chart 2.JPG","p",92
"Chart 2.JPG","p",233
"Chart 2.JPG","p",242
"Chart 2.JPG","p",233
"Chart 2.JPG","p",133
"Chart 2.JPG","p",375
"Chart 2.JPG","q",133
"Chart 2.JPG","q",225
"Chart 2.JPG","p",175
"Chart 2.JPG","p",192
"Chart 2.JPG","p",283
"Chart 2.JPG","r",233
"Chart 2.JPG","r",150
"Chart 2.JPG","r",208
"Chart 2.JPG","r",258
"Chart 2.JPG","p",167
"Chart 2.JPG","p",200
"Chart 2.JPG","p",133
"Chart 2.JPG","p",350
"Chart 2.JPG","p",308
"Chart 2.JPG","p",233
"Chart 2.JPG","q",133
"Chart 2.JPG","p",133
"Chart 2.JPG","q",67
"Chart 2.JPG","q",383
"Chart 2.JPG","p",217
"Chart 2.JPG","p",225
"Chart 2.JPG","p",167
"Chart 2.JPG","u",292
"Chart 2.JPG","u",367
"Chart 2.JPG","r",100
"Chart 2.JPG","r",83
"Chart 2.JPG","r",75
"Chart 2.JPG","r",250
"Chart 2.JPG","p",133
"Chart 2.JPG","p",125
"Chart 2.JPG","p",125
"Chart 2.JPG","p",125
"Chart 2.JPG","p",158
"Chart 2.JPG","p",100
"Chart 2.JPG","p",217
"Chart 2.JPG","p",208
"Chart 2.JPG","p",300
"Chart 2.JPG","p",525
"Chart 2.JPG","p",358
"Chart 2.JPG","p",158
"Chart 2.JPG","p",142
"Chart 2.JPG","p",117
"Chart 2.JPG","p",117
"Chart 2.JPG","p",367
"Chart 2.JPG","p",92
"Chart 2.JPG","p",158
"Chart 2.JPG","p",125
"Chart 2.JPG","t",150
"Chart 2.JPG","t",117
"Chart 2.JPG","p",333
"Chart 2.JPG","p",350
"Chart 2.JPG","p",342
"Chart 2.JPG","p",175
"Chart 2.JPG","p",358
"Chart 2.JPG","p",108
"Chart 2.JPG","p",258
"Chart 2.JPG","q",233
"Chart 2.JPG","p",100
"Chart 2.JPG","p",175
"Chart 2.JPG","p",200
"Chart 2.JPG","p",192
"Chart 2.JPG","p",100
"Chart 2.JPG","p",208
"Chart 2.JPG","p",283
"Chart 2.JPG","p",175
"Chart 2.JPG","p",117
"Chart 2.JPG","p",183
"Chart 2.JPG","p",158
"Chart 2.JPG","p",83
"Chart 2.JPG","p",167
"Chart 2.JPG","p",333
"Chart 2.JPG","p",167
"Chart 2.JPG","p",200
"Chart 2.JPG","p",200
"Chart 2.JPG","p",275
"Chart 2.JPG","p",175
"Chart 2.JPG","q",242
"Chart 2.JPG","p",442
"Chart 2.JPG","t",158
"Chart 2.JPG","t",200
"Chart 2.JPG","p",217
"Chart 2.JPG","q",183
"Chart 2.JPG","q",450
"Chart 2.JPG","p",367
"Chart 2.JPG","p",350
"Chart 2.JPG","p",292
"Chart 2.JPG","p",367
"Chart 2.JPG","p",333
"Chart 2.JPG","p",92
"Chart 2.JPG","p",217
"Chart 2.JPG","q",175
"Chart 2.JPG","p",167
"Chart 2.JPG","q",108
"Chart 2.JPG","p",200
"Chart 2.JPG","p",183
"Chart 2.JPG","p",108
"Chart 2.JPG","p",300
"Chart 2.JPG","p",67
"Chart 2.JPG","u",242
"Chart 2.JPG","p",242
"Chart 2.JPG","p",417
"Chart 2.JPG","p",458
"Chart 2.JPG","p",300
"Chart 2.JPG","p",117
"Chart 2.JPG","q",92
"Chart 2.JPG","p",233
"Chart 2.JPG","r",308
"Chart 2.JPG","p",108
"Chart 2.JPG","r",108
"Chart 2.JPG","r",100
"Chart 2.JPG","r",117
"Chart 2.JPG","r",225
"Chart 2.JPG","p",117
"Chart 2.JPG","p",83
"Chart 2.JPG","p",158
"Chart 2.JPG","p",158
"Chart 2.JPG","p",242
"Chart 2.JPG","p",458
"Chart 2.JPG","p",183
"Chart 2.JPG","p",167
"Chart 2.JPG","p",267
"Chart 2.JPG","p",208
"Chart 2.JPG","p",433
"Chart 2.JPG","p",150
"Chart 2.JPG","p",67
"Chart 2.JPG","p",233
"Chart 2.JPG","q",183
"Chart 2.JPG","p",108
"Chart 2.JPG","p",158
"Chart 2.JPG","p",242
"Chart 2.JPG","p",158
"Chart 2.JPG","p",267
"Chart 2.JPG","p",158
"Chart 2.JPG","p",267
"Chart 2.JPG","p",200
"Chart 2.JPG","p",167
"Chart 2.JPG","r",92
"Chart 2.JPG","p",167
"Chart 2.JPG","p",125
"Chart 2.JPG","p",217
"Chart 2.JPG","p",342
"Chart 2.JPG","p",175
"Chart 2.JPG","p",133
"Chart 2.JPG","p",150
"Chart 2.JPG","p",100
"Chart 2.JPG","p",267
"Chart 2.JPG","p",317
"Chart 2.JPG","p",108
"Chart 2.JPG","p",142
"Chart 2.JPG","p",233
"Chart 2.JPG","p",108
"Chart 2.JPG","p",250
"Chart 2.JPG","p",125
"Chart 2.JPG","p",133
"Chart 2.JPG","q",92
"Chart 2.JPG","p",125
"Chart 2.JPG","p",200
"Chart 2.JPG","p",383
"Chart 2.JPG","p",200
"Chart 2.JPG","p",167
"Chart 2.JPG","p",133
"Chart 2.JPG","p",342
"Chart 2.JPG","p",133
"Chart 2.JPG","p",67
"Chart 2.JPG","u",275
"Chart 2.JPG","t",175
"Chart 2.JPG","t",100
"Chart 2.JPG","t",167
"Chart 2.JPG","t",200
"Chart 2.JPG","t",225
"Chart 2.JPG","t",108
"Chart 2.JPG","t",67
"Chart 2.JPG","p",83
"Chart 2.JPG","q",167
"Chart 2.JPG","q",108
"Chart 2.JPG","q",92
"Chart 2.JPG","p",150
"Chart 2.JPG","p",125
"Chart 2.JPG","p",100
"Chart 2.JPG","p",175
"Chart 2.JPG","p",158
"Chart 2.JPG","r",92
"Chart 2.JPG","r",117
"Chart 2.JPG","r",133
"Chart 2.JPG","r",225
"Chart 2.JPG","p",108
"Chart 2.JPG","p",117
"Chart 2.JPG","p",83
"Chart 2.JPG","p",158
"Chart 2.JPG","p",83
"Chart 2.JPG","r",100
"Chart 2.JPG","r",67
"Chart 2.JPG","r",167
"Chart 2.JPG","r",208
"Chart 2.JPG","p",125
"Chart 2.JPG","p",133
"Chart 2.JPG","p",125
"Chart 2.JPG","p",250
"Chart 2.JPG","q",83
"Chart 2.JPG","q",167
"Chart 2.JPG","q",158
"Chart 2.JPG","p",175
"Chart 2.JPG","p",133
"Chart 2.JPG","p",175
"Chart 2.JPG","p",167
"Chart 2.JPG","p",283
"Chart 2.JPG","p",325
"Chart 2.JPG","p",233
"Chart 2.JPG","p",133
"Chart 2.JPG","p",200
"Chart 2.JPG","p",175
"Chart 2.JPG","p",258
"Chart 2.JPG","p",450
"Chart 2.JPG","p",167
"Chart 2.JPG","p",667
"Chart 2.JPG","p",67
"Chart 2.JPG","p",208
"Chart 2.JPG","p",808
"Chart 2.JPG","p",325
"Chart 2.JPG","p",217
"Chart 2.JPG","p",633
"Chart 2.JPG","p",233
"Chart 2.JPG","p",83
"Chart 2.JPG","p",242
"Chart 2.JPG","p",325
"Chart 2.JPG","q",167
"Chart 2.JPG","q",100
"Chart 2.JPG","p",267
"Chart 2.JPG","p",233
"Chart 2.JPG","p",333
"Chart 2.JPG","p",125
"Chart 2.JPG","s",208
"Chart 2.JPG","r",317
"Chart 2.JPG","r",283
"Chart 2.JPG","r",350
"Chart 2.JPG","p",200
"Chart 2.JPG","p",225
"Chart 2.JPG","p",367
"Chart 2.JPG","p",75
"Chart 2.JPG","r",117
"Chart 2.JPG","r",175
"Chart 2.JPG","r",200
"Chart 2.JPG","p",100
"Chart 2.JPG","p",308
"Chart 2.JPG","p",83
"Chart 2.JPG","q",92
"Chart 2.JPG","p",158
"Chart 2.JPG","p",200
"Chart 2.JPG","p",133
"Chart 2.JPG","p",75
"Chart 2.JPG","p",75
"Chart 2.JPG","p",342
"Chart 2.JPG","p",292
"Chart 2.JPG","p",133
"Chart 2.JPG","p",67
"Chart 2.JPG","p",217
"Chart 2.JPG","p",142
"Chart 2.JPG","p",75
"Chart 2.JPG","p",108
"Chart 2.JPG","p",242
"Chart 2.JPG","p",183
"Chart 2.JPG","p",142
"Chart 2.JPG","p",92
"Chart 2.JPG","p",150
"Chart 2.JPG","p",100
"Chart 2.JPG","p",150
"Chart 2.JPG","p",133
"Chart 2.JPG","p",167
"Chart 2.JPG","q",242
"Chart 2.JPG","q",383
"Chart 2.JPG","q",83
"Chart 2.JPG","q",217
"Chart 2.JPG","q",300
"Chart 2.JPG","q",183
"Chart 2.JPG","p",208
"Chart 2.JPG","p",267
"Chart 2.JPG","u",192
"Chart 2.JPG","t",167
"Chart 2.JPG","t",67
"Chart 2.JPG","t",125
"Chart 2.JPG","p",325
"Chart 2.JPG","p",292
"Chart 2.JPG","r",158
"Chart 2.JPG","p",192
"Chart 2.JPG","p",75
"Chart 2.JPG","p",308
"Chart 2.JPG","p",450
"Chart 2.JPG","p",142
"Chart 2.JPG","p",117
"Chart 2.JPG","p",117
"Chart 2.JPG","p",375
"Chart 2.JPG","u",133
"Chart 2.JPG","t",108
"Chart 2.JPG","t",142
"Chart 2.JPG","t",183
"Chart 2.JPG","t",208
"Chart 2.JPG","t",108
"Chart 2.JPG","t",250
"Chart 2.JPG","t",108
"Chart 2.JPG","t",75
"Chart 2.JPG","t",117
"Chart 2.JPG","t",142
"Chart 2.JPG","t",125
"Chart 2.JPG","t",258
"Chart 2.JPG","t",167
"Chart 2.JPG","t",125
"Chart 2.JPG","t",183
"Chart 2.JPG","t",67
"Chart 2.JPG","t",125
"Chart 2.JPG","t",158
"Chart 2.JPG","t",167
"Chart 2.JPG","t",167
"Chart 2.JPG","t",125
"Chart 3.JPG","z",192
"Chart 3.JPG","z",150
"Chart 3.JPG","z",192
"Chart 3.JPG","y",133
"Chart 3.JPG","y",167
"Chart 3.JPG","1",200
"Chart 3.JPG","v",117
"Chart 3.JPG","v",100
"Chart 3.JPG","v",150
"Chart 3.JPG","4",67
"Chart 3.JPG","4",67
"Chart 3.JPG","4",133
"Chart 3.JPG","5",142
"Chart 3.JPG","w",117
"Chart 3.JPG","w",117
"Chart 3.JPG","y",83
"Chart 3.JPG","y",175
"Chart 3.JPG","y",142
"Chart 3.JPG","y",125
"Chart 3.JPG","y",217
"Chart 3.JPG","y",208
"Chart 3.JPG","y",150
"Chart 3.JPG","y",125
"Chart 3.JPG","y",275
"Chart 3.JPG","y",125
"Chart 3.JPG","y",200
"Chart 3.JPG","y",192
"Chart 3.JPG","y",67
"Chart 3.JPG","y",192
"Chart 3.JPG","y",167
"Chart 3.JPG","y",117
"Chart 3.JPG","y",183
"Chart 3.JPG","y",108
"Chart 3.JPG","y",108
"Chart 3.JPG","y",492
"Chart 3.JPG","y",167
"Chart 3.JPG","y",108
"Chart 3.JPG","y",108
"Chart 3.JPG","y",242
"Chart 3.JPG","y",150
"Chart 3.JPG","y",300
"Chart 3.JPG","w",175
"Chart 3.JPG","w",75
"Chart 3.JPG","w",150
"Chart 3.JPG","x",192
"Chart 3.JPG","x",250
"Chart 3.JPG","y",158
"Chart 3.JPG","y",142
"Chart 3.JPG","y",142
"Chart 3.JPG","y",308
"Chart 3.JPG","y",333
"Chart 3.JPG","y",200
"Chart 3.JPG","y",75
"Chart 3.JPG","y",183
"Chart 3.JPG","y",142
"Chart 3.JPG","z",392
"Chart 3.JPG","z",142
"Chart 3.JPG","z",108
"Chart 3.JPG","z",217
"Chart 3.JPG","z",67
"Chart 3.JPG","x",67
"Chart 3.JPG","x",208
"Chart 3.JPG","x",192
"Chart 3.JPG","x",108
"Chart 3.JPG","x",192
"Chart 3.JPG","x",117
"Chart 3.JPG","x",583
"Chart 3.JPG","x",225
"Chart 3.JPG","y",208
"Chart 3.JPG","y",117
"Chart 3.JPG","y",183
"Chart 3.JPG","y",167
"Chart 3.JPG","y",183
"Chart 3.JPG","y",158
"Chart 3.JPG","y",200
"Chart 3.JPG","y",67
"Chart 3.JPG","y",108
"Chart 3.JPG","y",233
"Chart 3.JPG","y",167
"Chart 3.JPG","y",158
"Chart 3.JPG","y",92
"Chart 3.JPG","y",125
"Chart 3.JPG","y",217
"Chart 3.JPG","y",133
"Chart 3.JPG","y",275
"Chart 3.JPG","w",142
"Chart 3.JPG","y",133
"Chart 3.JPG","y",325
"Chart 3.JPG","y",141
"Chart 3.JPG","y",233
"Chart 3.JPG","y",233
"Chart 3.JPG","y",158
"Chart 3.JPG","y",75
"Chart 3.JPG","y",467
"Chart 3.JPG","y",200
"Chart 3.JPG","y",167
"Chart 3.JPG","y",183
"Chart 3.JPG","y",100
"Chart 3.JPG","y",158
"Chart 3.JPG","z",75
"Chart 3.JPG","y",150
"Chart 3.JPG","x",158
"Chart 3.JPG","x",358
"Chart 3.JPG","x",275
"Chart 3.JPG","x",275
"Chart 3.JPG","z",467
"Chart 3.JPG","y",92
"Chart 3.JPG","x",117
"Chart 3.JPG","y",100
"Chart 3.JPG","x",225
"Chart 3.JPG","x",200
"Chart 3.JPG","x",92
"Chart 3.JPG","x",167
"Chart 3.JPG","x",75
"Chart 3.JPG","x",175
"Chart 3.JPG","x",100
"Chart 3.JPG","x",142
"Chart 3.JPG","x",408
"Chart 3.JPG","x",200
"Chart 3.JPG","x",392
"Chart 3.JPG","x",117
"Chart 3.JPG","x",217
"Chart 3.JPG","x",150
"Chart 3.JPG","z",75
"Chart 3.JPG","w",133
"Chart 3.JPG","w",133
"Chart 3.JPG","z",417
"Chart 3.JPG","y",142
"Chart 3.JPG","v",117
"Chart 3.JPG","v",117
"Chart 3.JPG","v",225
"Chart 3.JPG","1",192
"Chart 3.JPG","w",200
"Chart 3.JPG","w",125
"Chart 3.JPG","w",175
"Chart 3.JPG","y",108
"Chart 3.JPG","y",283
"Chart 3.JPG","y",208
"Chart 3.JPG","y",183
"Chart 3.JPG","y",217
"Chart 3.JPG","y",142
"Chart 3.JPG","3",250
"Chart 3.JPG","1",92
"Chart 3.JPG","z",133
"Chart 3.JPG","z",92
"Chart 3.JPG","y",133
"Chart 3.JPG","y",292
"Chart 3.JPG","y",292
"Chart 3.JPG","y",183
"Chart 3.JPG","y",158
"Chart 3.JPG","y",175
"Chart 3.JPG","y",158
"Chart 3.JPG","y",208
"Chart 3.JPG","y",225
"Chart 3.JPG","y",108
"Chart 3.JPG","y",133
"Chart 3.JPG","w",217
"Chart 3.JPG","w",200
"Chart 3.JPG","z",383
"Chart 3.JPG","0",183
"Chart 3.JPG","y",225
"Chart 3.JPG","y",225
"Chart 3.JPG","x",75
"Chart 3.JPG","x",108
"Chart 3.JPG","x",92
"Chart 3.JPG","x",133
"Chart 3.JPG","x",158
"Chart 3.JPG","x",158
"Chart 3.JPG","x",92
"Chart 3.JPG","w",217
"Chart 3.JPG","w",200
"Chart 3.JPG","z",183
"Chart 3.JPG","z",167
"Chart 3.JPG","w",150
"Chart 3.JPG","w",233
"Chart 3.JPG","w",175
"Chart 3.JPG","y",92
"Chart 3.JPG","y",158
"Chart 3.JPG","y",75
"Chart 3.JPG","y",133
"Chart 3.JPG","y",142
"Chart 3.JPG","y",225
"Chart 3.JPG","w",417
"Chart 3.JPG","z",67
"Chart 3.JPG","3",208
"Chart 3.JPG","0",250
"Chart 3.JPG","w",100
"Chart 3.JPG","z",333
"Chart 3.JPG","y",150
"Chart 3.JPG","y",150
"Chart 3.JPG","y",233
"Chart 3.JPG","y",175
"Chart 3.JPG","y",100
"Chart 3.JPG","y",125
"Chart 3.JPG","y",183
"Chart 3.JPG","w",375
"Chart 3.JPG","w",217
"Chart 3.JPG","w",133
"Chart 3.JPG","w",317
"Chart 3.JPG","w",108
"Chart 3.JPG","w",400
"Chart 3.JPG","w",133
"Chart 3.JPG","z",492
"Chart 3.JPG","z",108
"Chart 3.JPG","z",225
"Chart 3.JPG","z",258
"Chart 3.JPG","z",200
"Chart 3.JPG","z",125
"Chart 3.JPG","z",200
"Chart 3.JPG","3",117
"Chart 3.JPG","3",83
"Chart 3.JPG","w",117
"Chart 3.JPG","w",400
"Chart 3.JPG","w",225
"Chart 3.JPG","w",142
"Chart 3.JPG","z",208
"Chart 3.JPG","v",250
"Chart 3.JPG","v",317
"Chart 3.JPG","v",150
"Chart 3.JPG","v",200
"Chart 3.JPG","v",392
"Chart 3.JPG","4",192
"Chart 3.JPG","v",117
"Chart 3.JPG","5",100
"Chart 3.JPG","2",258
"Chart 3.JPG","2",92
"Chart 3.JPG","v",317
"Chart 3.JPG","y",325
"Chart 3.JPG","y",142
"Chart 3.JPG","y",200
"Chart 3.JPG","y",208
"Chart 3.JPG","y",150
"Chart 3.JPG","y",217
"Chart 3.JPG","y",308
"Chart 3.JPG","y",142
"Chart 3.JPG","y",67
"Chart 3.JPG","y",483
"Chart 3.JPG","y",117
"Chart 3.JPG","y",183
"Chart 3.JPG","w",183
"Chart 3.JPG","z",183
"Chart 3.JPG","w",342
"Chart 3.JPG","z",392
"Chart 3.JPG","z",133
"Chart 3.JPG","3",208
"Chart 3.JPG","3",283
"Chart 3.JPG","0",67
"Chart 3.JPG","0",125
"Chart 3.JPG","1",175
"Chart 3.JPG","5",100
"Chart 3.JPG","5",183
"Chart 3.JPG","4",150
"Chart 3.JPG","4",108
"Chart 3.JPG","1",67
"Chart 3.JPG","1",158
"Chart 3.JPG","1",75
"Chart 3.JPG","z",92
"Chart 3.JPG","z",317
"Chart 3.JPG","z",383
"Chart 3.JPG","z",308
"Chart 3.JPG","z",142
"Chart 3.JPG","z",67
"Chart 3.JPG","z",192
"Chart 3.JPG","z",208
"Chart 3.JPG","z",158
"Chart 3.JPG","3",183
"Chart 3.JPG","3",150
"Chart 3.JPG","z",183
"Chart 3.JPG","3",283
"Chart 3.JPG","3",125
"Chart 3.JPG","z",492
"Chart 3.JPG","x",183
"Chart 3.JPG","x",200
"Chart 3.JPG","x",100
"Chart 3.JPG","x",100
"Chart 3.JPG","z",117
"Chart 3.JPG","z",192
"Chart 3.JPG","z",200
"Chart 3.JPG","y",292
"Chart 3.JPG","y",92
"Chart 3.JPG","z",317
"Chart 3.JPG","z",217
"Chart 3.JPG","3",242
"Chart 3.JPG","3",133
"Chart 3.JPG","3",333
"Chart 3.JPG","3",150
"Chart 3.JPG","3",175
"Chart 3.JPG","3",242
"Chart 3.JPG","z",125
"Chart 3.JPG","z",92
"Chart 3.JPG","3",192
"Chart 3.JPG","z",217
"Chart 3.JPG","x",142
"Chart 3.JPG","x",192
"Chart 3.JPG","3",92
"Chart 3.JPG","0",267
"Chart 3.JPG","0",100
"Chart 3.JPG","3",200
"Chart 3.JPG","z",67
"Chart 3.JPG","z",92
"Chart 3.JPG","z",117
"Chart 3.JPG","y",158
"Chart 3.JPG","y",208
"Chart 3.JPG","y",75
"Chart 3.JPG","y",200
"Chart 3.JPG","y",300
"Chart 3.JPG","y",75
"Chart 3.JPG","y",108
"Chart 3.JPG","y",150
"Chart 3.JPG","z",158
"Chart 3.JPG","z",258
"Chart 3.JPG","1",92
"Chart 3.JPG","5",158
"Chart 3.JPG","5",117
"Chart 3.JPG","1",233
"Chart 3.JPG","4",133
"Chart 3.JPG","4",175
"Chart 3.JPG","2",192
"Chart 3.JPG","5",208
"Chart 3.JPG","1",267
"Chart 3.JPG","1",250
"Chart 3.JPG","1",142
"Chart 3.JPG","4",467
"Chart 3.JPG","1",83
"Chart 3.JPG","1",67
"Chart 3.JPG","1",75
"Chart 3.JPG","z",200
"Chart 3.JPG","z",133
"Chart 3.JPG","w",75
"Chart 3.JPG","y",108
"Chart 3.JPG","y",125
"Chart 3.JPG","y",183
"Chart 3.JPG","z",275
"Chart 3.JPG","w",250
"Chart 3.JPG","w",183
"Chart 3.JPG","y",100
"Chart 3.JPG","y",175
"Chart 3.JPG","y",192
"Chart 3.JPG","y",350
"Chart 3.JPG","1",158
"Chart 3.JPG","1",275
"Chart 3.JPG","y",100
"Chart 3.JPG","y",200
"Chart 3.JPG","y",142
"Chart 3.JPG","y",117
"Chart 3.JPG","y",83
"Chart 3.JPG","z",133
"Chart 3.JPG","3",83
"Chart 3.JPG","0",142
"Chart 3.JPG","0",150
"Chart 3.JPG","0",242
"Chart 3.JPG","0",225
"Chart 3.JPG","w",200
"Chart 3.JPG","w",200
"Chart 3.JPG","3",100
"Chart 3.JPG","3",192
"Chart 3.JPG","w",342
"Chart 3.JPG","x",100
"Chart 3.JPG","z",250
"Chart 3.JPG","5",158
"Chart 3.JPG","2",83
"Chart 3.JPG","v",242
"Chart 3.JPG","1",167
"Chart 3.JPG","5",208
"Chart 3.JPG","1",250
"Chart 3.JPG","3",150
"Chart 3.JPG","x",192
"Chart 3.JPG","0",108
"Chart 3.JPG","0",167
"Chart 3.JPG","2",108
"Chart 3.JPG","0",141
"Chart 3.JPG","0",158
"Chart 3.JPG","0",208
"Chart 3.JPG","2",183
"Chart 3.JPG","2",125
"Chart 3.JPG","2",350
"Chart 3.JPG","0",75
"Chart 3.JPG","0",400
"Chart 3.JPG","0",142
"Chart 3.JPG","0",192
"Chart 3.JPG","2",325
"Chart 3.JPG","5",133
"Chart 3.JPG","5",83
"Chart 3.JPG","1",167
"Chart 3.JPG","1",217
"Chart 3.JPG","2",208
"Chart 3.JPG","2",133
"Chart 3.JPG","0",267
"Chart 3.JPG","3",108
"Chart 3.JPG","w",258
"Chart 3.JPG","w",317
"Chart 3.JPG","z",142
"Chart 3.JPG","v",83
"Chart 3.JPG","v",142
"Chart 3.JPG","v",267
"Chart 3.JPG","v",250
"Chart 3.JPG","v",133
"Chart 3.JPG","v",133
"Chart 3.JPG","v",225
"Chart 3.JPG","v",542
"Chart 3.JPG","w",158
"Chart 3.JPG","w",150
"Chart 3.JPG","1",158
"Chart 3.JPG","1",267
"Chart 3.JPG","1",250
"Chart 3.JPG","1",167
"Chart 3.JPG","v",350
"Chart 3.JPG","v",250
"Chart 3.JPG","v",150
"Chart 3.JPG","v",158
"Chart 3.JPG","v",267
"Chart 3.JPG","z",217
"Chart 3.JPG","3",217
"Chart 3.JPG","0",350
"Chart 3.JPG","v",75
"Chart 3.JPG","w",150
"Chart 3.JPG","w",142
"Chart 3.JPG","w",183
"Chart 3.JPG","v",150
"Chart 3.JPG","v",308
"Chart 3.JPG","v",175
"Chart 3.JPG","3",133
"Chart 3.JPG","0",317
"Chart 3.JPG","0",492
"Chart 3.JPG","y",425
"Chart 3.JPG","0",133
"Chart 3.JPG","0",233
"Chart 3.JPG","2",225
"Chart 3.JPG","0",183
"Chart 3.JPG","0",200
"Chart 3.JPG","2",317
"Chart 3.JPG","2",167
"Chart 3.JPG","v",167
"Chart 3.JPG","v",167
"Chart 3.JPG","0",67
"Chart 3.JPG","0",308
"Chart 3.JPG","0",167
"Chart 3.JPG","0",125
"Chart 3.JPG","0",492
"Chart 3.JPG","2",83
"Chart 3.JPG","2",142
"Chart 3.JPG","2",258
"Chart 3.JPG","2",358
"Chart 3.JPG","2",258
"Chart 3.JPG","2",125
"Chart 3.JPG","2",133
"Chart 3.JPG","0",308
"Chart 3.JPG","0",442
"Chart 3.JPG","3",100
"Chart 3.JPG","3",258
"Chart 3.JPG","3",233
"Chart 3.JPG","z",267
"Chart 3.JPG","z",225
"Chart 3.JPG","v",283
"Chart 3.JPG","1",158
"Chart 3.JPG","1",500
"Chart 3.JPG","1",200
"Chart 3.JPG","1",200
"Chart 3.JPG","v",175
"Chart 3.JPG","v",125
"Chart 3.JPG","v",175
"Chart 3.JPG","v",300
"Chart 3.JPG","v",100
"Chart 3.JPG","1",342
"Chart 3.JPG","1",217
"Chart 3.JPG","1",183
"Chart 3.JPG","1",108
"Chart 3.JPG","1",350
"Chart 3.JPG","1",242
"Chart 3.JPG","1",167
"Chart 3.JPG","v",258
"Chart 3.JPG","v",508
"Chart 3.JPG","1",142
"Chart 3.JPG","0",75
"Chart 3.JPG","0",150
"Chart 3.JPG","0",367
"Chart 3.JPG","0",167
"Chart 3.JPG","0",367
"Chart 3.JPG","2",450
"Chart 3.JPG","2",333
"Chart 3.JPG","2",100
"Chart 3.JPG","y",92
"Chart 3.JPG","y",83
"Chart 3.JPG","y",92
"Chart 3.JPG","y",200
"Chart 3.JPG","y",175
"Chart 3.JPG","y",200
"Chart 3.JPG","y",150
"Chart 3.JPG","y",117
"Chart 3.JPG","y",117
"Chart 3.JPG","v",117
"Chart 3.JPG","4",200
"Chart 3.JPG","4",142
"Chart 3.JPG","w",92
"Chart 3.JPG","w",75
"Chart 3.JPG","w",242
"Chart 3.JPG","w",67
"Chart 3.JPG","z",83
"Chart 3.JPG","v",192
"Chart 3.JPG","v",150
"Chart 3.JPG","0",83
"Chart 3.JPG","0",125
"Chart 3.JPG","0",150
"Chart 3.JPG","0",108
"Chart 3.JPG","2",150
"Chart 3.JPG","v",75
"Chart 3.JPG","v",175
"Chart 3.JPG","w",150
"Chart 3.JPG","w",100
"Chart 3.JPG","0",83
"Chart 3.JPG","0",175
"Chart 3.JPG","0",158
"Chart 3.JPG","2",242
"Chart 3.JPG","v",242
"Chart 3.JPG","v",192
"Chart 3.JPG","2",167
"Chart 3.JPG","2",283
"Chart 3.JPG","z",117
"Chart 3.JPG","z",267
"Chart 3.JPG","1",150
"Chart 3.JPG","1",100
"Chart 3.JPG","1",83
"Chart 3.JPG","4",142
"Chart 3.JPG","4",125
"Chart 3.JPG","4",183
"Chart 3.JPG","4",200
"Chart 3.JPG","4",200
"Chart 3.JPG","1",200
"Chart 3.JPG","5",200
"Chart 3.JPG","5",108
"Chart 3.JPG","5",225
"Chart 3.JPG","5",225
"Chart 3.JPG","5",150
"Chart 3.JPG","1",67
"Chart 3.JPG","z",208
"Chart 3.JPG","y",142
"Chart 3.JPG","z",100
"Chart 3.JPG","z",67
"Chart 3.JPG","1",75
"Chart 3.JPG","4",183
"Chart 3.JPG","4",92
"Chart 3.JPG","1",325
"Chart 3.JPG","z",142
"Chart 3.JPG","z",142
"Chart 3.JPG","z",250
"Chart 3.JPG","z",300
"Chart 3.JPG","z",92
"Chart 3.JPG","x",175
"Chart 3.JPG","x",258
"Chart 3.JPG","x",558
"Chart 3.JPG","x",83
"Chart 3.JPG","x",450
"Chart 3.JPG","z",317
"Chart 3.JPG","z",167
"Chart 3.JPG","z",133
"Chart 3.JPG","z",117
"Chart 3.JPG","x",167
"Chart 3.JPG","x",125
"Chart 3.JPG","3",108
"Chart 3.JPG","1",125
"Chart 3.JPG","1",67
"Chart 3.JPG","1",542
"Chart 3.JPG","1",83
"Chart 3.JPG","w",108
"Chart 3.JPG","x",250
"Chart 3.JPG","x",375
"Chart 3.JPG","x",150
"Chart 3.JPG","x",100
"Chart 3.JPG","x",183
"Chart 3.JPG","x",350
"Chart 3.JPG","x",317
"Chart 3.JPG","x",100
"Chart 3.JPG","x",642
"Chart 3.JPG","x",242
"Chart 3.JPG","x",100
"Chart 3.JPG","x",100
"Chart 3.JPG","x",167
"Chart 4.JPG","6",317
"Chart 4.JPG","6",200
"Chart 4.JPG","6",158
"Chart 4.JPG","8",133
"Chart 4.JPG","8",92
"Chart 4.JPG","6",83
"Chart 4.JPG","6",100
"Chart 4.JPG","6",92
"Chart 4.JPG","7",142
"Chart 4.JPG","B",92
"Chart 4.JPG","B",342
"Chart 4.JPG","6",258
"Chart 4.JPG","6",275
"Chart 4.JPG","6",125
"Chart 4.JPG","7",125
"Chart 4.JPG","7",92
"Chart 4.JPG","7",150
"Chart 4.JPG","7",158
"Chart 4.JPG","8",67
"Chart 4.JPG","8",83
"Chart 4.JPG","8",92
"Chart 4.JPG","9",142
"Chart 4.JPG","9",142
"Chart 4.JPG","8",158
"Chart 4.JPG","6",67
"Chart 4.JPG","9",92
"Chart 4.JPG","9",125
"Chart 4.JPG","9",75
"Chart 4.JPG","9",92
"Chart 4.JPG","9",92
"Chart 4.JPG","8",142
"Chart 4.JPG","8",183
"Chart 4.JPG","6",108
"Chart 4.JPG","6",192
"Chart 4.JPG","7",83
"Chart 4.JPG","6",117
"Chart 4.JPG","6",208
"Chart 4.JPG","7",183
"Chart 4.JPG","B",242
"Chart 4.JPG","6",142
"Chart 4.JPG","6",83
"Chart 4.JPG","7",350
"Chart 4.JPG","7",133
"Chart 4.JPG","8",142
"Chart 4.JPG","8",208
"Chart 4.JPG","6",125
"Chart 4.JPG","6",133
"Chart 4.JPG","6",183
"Chart 4.JPG","6",167
"Chart 4.JPG","6",250
"Chart 4.JPG","6",83
"Chart 4.JPG","6",67
"Chart 4.JPG","6",217
"Chart 4.JPG","6",225
"Chart 4.JPG","6",75
"Chart 4.JPG","6",92
"Chart 4.JPG","B",133
"Chart 4.JPG","6",133
"Chart 4.JPG","6",108
"Chart 4.JPG","B",108
"Chart 4.JPG","6",167
"Chart 4.JPG","6",200
"Chart 4.JPG","6",108
"Chart 4.JPG","8",117
"Chart 4.JPG","8",283
"Chart 4.JPG","6",175
"Chart 4.JPG","8",167
"Chart 4.JPG","6",258
"Chart 4.JPG","6",142
"Chart 4.JPG","6",125
"Chart 4.JPG","B",225
"Chart 4.JPG","6",183
"Chart 4.JPG","6",175
"Chart 4.JPG","6",525
"Chart 4.JPG","6",133
"Chart 4.JPG","6",200
"Chart 4.JPG","6",167
"Chart 4.JPG","6",367
"Chart 4.JPG","6",342
"Chart 4.JPG","6",150
"Chart 4.JPG","6",150
"Chart 4.JPG","6",150
"Chart 4.JPG","6",150
"Chart 4.JPG","6",67
"Chart 4.JPG","8",142
"Chart 4.JPG","8",92
"Chart 4.JPG","6",225
"Chart 4.JPG","6",167
"Chart 4.JPG","6",292
"Chart 4.JPG","6",258
"Chart 4.JPG","6",150
"Chart 4.JPG","6",117
"Chart 4.JPG","8",92
"Chart 4.JPG","6",117
"Chart 4.JPG","6",133
"Chart 4.JPG","6",117
"Chart 4.JPG","6",250
"Chart 4.JPG","6",108
"Chart 4.JPG","6",325
"Chart 4.JPG","6",142
"Chart 4.JPG","6",467
"Chart 4.JPG","6",392
"Chart 4.JPG","6",200
"Chart 4.JPG","6",67
"Chart 4.JPG","6",92
"Chart 4.JPG","6",133
"Chart 4.JPG","6",142
"Chart 4.JPG","B",75
"Chart 4.JPG","B",200
"Chart 4.JPG","B",208
"Chart 4.JPG","B",242
"Chart 4.JPG","B",83
"Chart 4.JPG","B",167
"Chart 4.JPG","6",142
"Chart 4.JPG","6",175
"Chart 4.JPG","7",158
"Chart 4.JPG","B",75
"Chart 4.JPG","B",100
"Chart 4.JPG","B",242
"Chart 4.JPG","B",308
"Chart 4.JPG","B",183
"Chart 4.JPG","B",142
"Chart 4.JPG","6",208
"Chart 4.JPG","6",183
"Chart 4.JPG","6",92
"Chart 4.JPG","6",308
"Chart 4.JPG","6",217
"Chart 4.JPG","6",167
"Chart 4.JPG","6",125
"Chart 4.JPG","6",167
"Chart 4.JPG","7",175
"Chart 4.JPG","7",67
"Chart 4.JPG","B",142
"Chart 4.JPG","B",75
"Chart 4.JPG","6",83
"Chart 4.JPG","B",158
"Chart 4.JPG","B",75
"Chart 4.JPG","B",233
"Chart 4.JPG","6",258
"Chart 4.JPG","6",225
"Chart 4.JPG","6",175
"Chart 4.JPG","6",142
"Chart 4.JPG","6",333
"Chart 4.JPG","6",125
"Chart 4.JPG","B",467
"Chart 4.JPG","6",325
"Chart 4.JPG","B",92
"Chart 4.JPG","6",408
"Chart 4.JPG","6",483
"Chart 4.JPG","8",142
"Chart 4.JPG","6",225
"Chart 4.JPG","6",142
"Chart 4.JPG","7",67
"Chart 4.JPG","7",100
"Chart 4.JPG","7",83
"Chart 4.JPG","8",167
"Chart 4.JPG","7",208
"Chart 4.JPG","7",167
"Chart 4.JPG","7",92
"Chart 4.JPG","7",200
"Chart 4.JPG","7",108
"Chart 4.JPG","7",100
"Chart 4.JPG","7",175
"Chart 4.JPG","7",283
"Chart 4.JPG","7",158
"Chart 4.JPG","6",75
"Chart 4.JPG","6",125
"Chart 4.JPG","6",200
"Chart 4.JPG","6",383
"Chart 4.JPG","6",208
"Chart 4.JPG","6",92
"Chart 4.JPG","6",242
"Chart 4.JPG","6",142
"Chart 4.JPG","6",83
"Chart 4.JPG","6",217
"Chart 4.JPG","6",217
"Chart 4.JPG","6",67
"Chart 4.JPG","6",92
"Chart 4.JPG","6",192
"Chart 4.JPG","6",117
"Chart 4.JPG","6",383
"Chart 4.JPG","6",392
"Chart 4.JPG","6",308
"Chart 4.JPG","6",183
"Chart 4.JPG","6",408
"Chart 4.JPG","6",142
"Chart 4.JPG","6",67
"Chart 4.JPG","7",117
"Chart 4.JPG","6",208
"Chart 4.JPG","8",175
"Chart 4.JPG","6",100
"Chart 4.JPG","6",108
"Chart 4.JPG","6",167
"Chart 4.JPG","6",67
"Chart 4.JPG","6",142
"Chart 4.JPG","6",200
"Chart 4.JPG","6",117
"Chart 4.JPG","7",75
"Chart 4.JPG","6",108
"Chart 4.JPG","B",117
"Chart 4.JPG","6",442
"Chart 4.JPG","6",108
"Chart 4.JPG","6",458
"Chart 4.JPG","7",75
"Chart 4.JPG","7",75
"Chart 4.JPG","7",67
"Chart 4.JPG","6",525
"Chart 4.JPG","6",108
"Chart 4.JPG","6",92
"Chart 4.JPG","6",67
"Chart 4.JPG","7",125
"Chart 4.JPG","B",158
"Chart 4.JPG","6",175
"Chart 4.JPG","6",283
"Chart 4.JPG","6",133
"Chart 4.JPG","6",142
"Chart 4.JPG","B",67
"Chart 4.JPG","7",108
"Chart 4.JPG","B",408
"Chart 4.JPG","7",167
"Chart 4.JPG","B",150
"Chart 4.JPG","6",150
"Chart 4.JPG","6",125
"Chart 4.JPG","8",117
"Chart 4.JPG","8",233
"Chart 4.JPG","8",108
"Chart 4.JPG","6",117
"Chart 4.JPG","6",433
"Chart 4.JPG","6",142
"Chart 4.JPG","6",83
"Chart 4.JPG","7",83
"Chart 4.JPG","7",225
"Chart 4.JPG","7",183
"Chart 4.JPG","7",108
"Chart 4.JPG","B",117
"Chart 4.JPG","6",75
"Chart 4.JPG","6",308
"Chart 4.JPG","6",158
"Chart 4.JPG","8",67
"Chart 4.JPG","8",217
"Chart 4.JPG","6",117
"Chart 4.JPG","6",142
"Chart 4.JPG","7",158
"Chart 4.JPG","7",117
"Chart 4.JPG","7",142
"Chart 4.JPG","7",192
"Chart 4.JPG","7",167
"Chart 4.JPG","7",150
"Chart 4.JPG","7",117
"Chart 4.JPG","7",108
"Chart 4.JPG","7",67
"Chart 4.JPG","7",125
"Chart 4.JPG","7",400
"Chart 4.JPG","7",83
"Chart 4.JPG","6",233
"Chart 4.JPG","6",67
"Chart 4.JPG","6",200
"Chart 4.JPG","6",217
"Chart 4.JPG","6",92
"Chart 4.JPG","7",92
"Chart 4.JPG","7",142
"Chart 4.JPG","6",367
"Chart 4.JPG","6",183
"Chart 4.JPG","6",183
"Chart 4.JPG","6",117
"Chart 4.JPG","6",150
"Chart 4.JPG","6",225
"Chart 4.JPG","6",258
"Chart 4.JPG","6",267
"Chart 4.JPG","6",433
"Chart 4.JPG","6",75
"Chart 4.JPG","8",75
"Chart 4.JPG","6",67
"Chart 4.JPG","6",142
"Chart 4.JPG","6",150
"Chart 4.JPG","6",683
"Chart 4.JPG","6",242
"Chart 4.JPG","8",67
"Chart 4.JPG","6",100
"Chart 4.JPG","7",142
"Chart 4.JPG","B",233
"Chart 4.JPG","7",158
"Chart 4.JPG","7",133
"Chart 4.JPG","7",150
"Chart 4.JPG","7",108
"Chart 4.JPG","7",167
"Chart 4.JPG","7",208
"Chart 4.JPG","6",217
"Chart 4.JPG","6",300
"Chart 4.JPG","6",342
"Chart 4.JPG","6",267
"Chart 4.JPG","6",175
"Chart 4.JPG","6",242
"Chart 4.JPG","6",250
"Chart 4.JPG","6",417
"Chart 4.JPG","6",158
"Chart 4.JPG","6",125
"Chart 4.JPG","6",175
"Chart 4.JPG","6",117
"Chart 4.JPG","6",242
"Chart 4.JPG","6",342
"Chart 4.JPG","6",142
"Chart 4.JPG","6",92
"Chart 4.JPG","6",67
"Chart 4.JPG","7",67
"Chart 4.JPG","7",117
"Chart 4.JPG","7",67
"Chart 4.JPG","B",117
"Chart 4.JPG","B",183
"Chart 4.JPG","6",350
"Chart 4.JPG","6",258
"Chart 4.JPG","6",158
"Chart 4.JPG","6",92
"Chart 4.JPG","6",517
"Chart 4.JPG","6",175
"Chart 4.JPG","6",83
"Chart 4.JPG","6",217
"Chart 4.JPG","6",342
"Chart 4.JPG","6",108
"Chart 4.JPG","6",67
"Chart 4.JPG","7",67
"Chart 4.JPG","7",125
"Chart 4.JPG","7",133
"Chart 4.JPG","7",167
"Chart 4.JPG","7",133
"Chart 4.JPG","7",283
"Chart 4.JPG","7",150
"Chart 4.JPG","6",183
"Chart 4.JPG","6",108
"Chart 4.JPG","B",117
"Chart 4.JPG","B",67
"Chart 4.JPG","B",192
"Chart 4.JPG","6",92
"Chart 4.JPG","7",75
"Chart 4.JPG","7",92
"Chart 4.JPG","7",183
"Chart 4.JPG","7",150
"Chart 4.JPG","B",167
"Chart 4.JPG","7",108
"Chart 4.JPG","7",117
"Chart 4.JPG","7",292
"Chart 4.JPG","7",167
"Chart 4.JPG","6",150
"Chart 4.JPG","6",67
"Chart 4.JPG","7",117
"Chart 4.JPG","B",92
"Chart 4.JPG","6",67
"Chart 4.JPG","6",308
"Chart 4.JPG","6",208
"Chart 4.JPG","6",200
"Chart 4.JPG","6",167
"Chart 4.JPG","B",175
"Chart 4.JPG","B",142
"Chart 4.JPG","B",233
"Chart 4.JPG","6",150
"Chart 4.JPG","6",83
"Chart 4.JPG","6",92
"Chart 4.JPG","6",258
"Chart 4.JPG","8",117
"Chart 4.JPG","8",208
"Chart 4.JPG","6",133
"Chart 4.JPG","8",125
"Chart 4.JPG","6",67
"Chart 4.JPG","7",75
"Chart 4.JPG","7",283
"Chart 4.JPG","6",125
"Chart 4.JPG","6",275
"Chart 4.JPG","6",183
"Chart 4.JPG","6",842
"Chart 4.JPG","6",117
"Chart 4.JPG","6",217
"Chart 4.JPG","6",167
"Chart 4.JPG","6",83
"Chart 4.JPG","6",308
"Chart 4.JPG","7",242
"Chart 4.JPG","7",158
"Chart 4.JPG","B",158
"Chart 4.JPG","6",158
"Chart 4.JPG","6",175
"Chart 4.JPG","6",250
"Chart 4.JPG","6",158
"Chart 4.JPG","6",183
"Chart 4.JPG","6",75
"Chart 4.JPG","6",83
"Chart 4.JPG","7",83
"Chart 4.JPG","7",83
"Chart 4.JPG","B",83
"Chart 4.JPG","6",208
"Chart 4.JPG","6",175
"Chart 4.JPG","6",283
"Chart 4.JPG","6",175
"Chart 4.JPG","6",400
"Chart 4.JPG","6",108
"Chart 4.JPG","6",175
"Chart 4.JPG","6",158
"Chart 4.JPG","6",67
"Chart 4.JPG","6",150
"Chart 4.JPG","6",308
"Chart 4.JPG","6",425
"Chart 4.JPG","7",67
"Chart 4.JPG","7",117
"Chart 4.JPG","7",75
"Chart 4.JPG","6",225
"Chart 4.JPG","6",358
"Chart 4.JPG","6",433
"Chart 4.JPG","7",92
"Chart 4.JPG","7",133
"Chart 4.JPG","7",83
"Chart 4.JPG","8",167
"Chart 4.JPG","8",175
"Chart 4.JPG","6",158
"Chart 4.JPG","6",217
"Chart 4.JPG","6",75
"Chart 4.JPG","6",100
"Chart 4.JPG","6",158
"Chart 4.JPG","7",67
"Chart 4.JPG","B",100
"Chart 4.JPG","6",100
"Chart 4.JPG","6",108
"Chart 4.JPG","B",108
"Chart 4.JPG","B",258
"Chart 4.JPG","6",467
"Chart 4.JPG","6",92
"Chart 4.JPG","7",75
"Chart 4.JPG","B",100
"Chart 4.JPG","6",175
"Chart 4.JPG","B",233
"Chart 4.JPG","B",383
"Chart 4.JPG","B",208
"Chart 4.JPG","6",108
"Chart 4.JPG","6",142
"Chart 4.JPG","6",142
"Chart 4.JPG","6",233
"Chart 4.JPG","6",67
"Chart 4.JPG","6",317
"Chart 4.JPG","7",208
"Chart 4.JPG","7",183
"Chart 4.JPG","7",183
"Chart 4.JPG","7",317
"Chart 4.JPG","7",242
"Chart 4.JPG","7",192
"Chart 4.JPG","7",333
"Chart 4.JPG","7",150
"Chart 4.JPG","7",217
"Chart 4.JPG","6",283
"Chart 4.JPG","7",158
"Chart 4.JPG","7",200
"Chart 4.JPG","7",167
"Chart 4.JPG","7",100
"Chart 4.JPG","7",275
"Chart 4.JPG","7",342
"Chart 4.JPG","7",67
"Chart 4.JPG","8",183
"Chart 4.JPG","7",142
"Chart 4.JPG","7",67
"Chart 4.JPG","7",108
"Chart 4.JPG","7",150
"Chart 4.JPG","7",242
"Chart 4.JPG","7",258
"Chart 4.JPG","7",258
"Chart 4.JPG","7",117
"Chart 4.JPG","7",317
"Chart 4.JPG","7",433
"Chart 4.JPG","6",208
"Chart 4.JPG","6",133
"Chart 4.JPG","9",100
"Chart 4.JPG","9",208
"Chart 4.JPG","9",150
"Chart 4.JPG","9",183
"Chart 4.JPG","9",108
"Chart 4.JPG","9",108
"Chart 4.JPG","9",158
"Chart 4.JPG","9",67
"Chart 4.JPG","9",125
"Chart 4.JPG","9",150
"Chart 4.JPG","6",167
"Chart 4.JPG","6",283
"Chart 4.JPG","6",250
"Chart 4.JPG","6",192
"Chart 4.JPG","6",267
"Chart 4.JPG","6",233
"Chart 4.JPG","6",617
"Chart 4.JPG","6",100
"Chart 4.JPG","6",208
"Chart 4.JPG","6",275
"Chart 4.JPG","6",150
"Chart 4.JPG","6",117
"Chart 4.JPG","6",142
"Chart 4.JPG","6",125
"Chart 4.JPG","6",142
"Chart 4.JPG","6",217
"Chart 4.JPG","6",533
"Chart 4.JPG","6",192
"Chart 4.JPG","6",83
"Chart 4.JPG","6",258
"Chart 4.JPG","6",133
"Chart 4.JPG","6",150
"Chart 4.JPG","6",208
"Chart 4.JPG","6",242
"Chart 4.JPG","6",192
"Chart 4.JPG","6",217
"Chart 4.JPG","6",392
"Chart 4.JPG","6",150
"Chart 4.JPG","6",150
"Chart 4.JPG","6",367
"Chart 4.JPG","6",258
"Chart 4.JPG","8",83
"Chart 4.JPG","6",150
"Chart 4.JPG","6",158
"Chart 4.JPG","6",458
"Chart 4.JPG","6",192
"Chart 4.JPG","6",192
"Chart 4.JPG","6",158
"Chart 4.JPG","6",167
"Chart 4.JPG","6",167
"Chart 4.JPG","6",183
"Chart 4.JPG","6",333
"Chart 4.JPG","6",133
"Chart 4.JPG","8",83
"Chart 4.JPG","6",167
"Chart 4.JPG","6",158
"Chart 4.JPG","6",142
"Chart 4.JPG","8",108
"Chart 4.JPG","8",192
"Chart 4.JPG","6",142
"Chart 4.JPG","9",292
"Chart 4.JPG","9",142
"Chart 4.JPG","6",283
"Chart 4.JPG","6",183
"Chart 4.JPG","6",325
"Chart 4.JPG","6",100
"Chart 4.JPG","6",125
"Chart 4.JPG","6",183
"Chart 4.JPG","6",92
"Chart 4.JPG","6",142
"Chart 4.JPG","6",300
"Chart 4.JPG","6",192
"Chart 4.JPG","8",92
"Chart 4.JPG","6",75
"Chart 4.JPG","6",133
"Chart 4.JPG","6",342
"Chart 4.JPG","6",75
"Chart 4.JPG","6",200
"Chart 4.JPG","6",100
